<?xml version="1.0" encoding="UTF-8"?>

    <addon id="repository.vijai" name="vijai" version="0.1.1" provider-name="vijai">
        <requires>
            <import addon="xbmc.addon" version="12.0.0"/>
        </requires>
        <extension point="xbmc.addon.repository" name="vijai">
        <dir>
			<info compressed="false">https://raw.githubusercontent.com/vijaikodi/vijai/master/zips/addons.xml</info>
			<checksum>https://raw.githubusercontent.com/vijaikodi/vijai/master/zips/addons.xml.md5</checksum>
			<datadir zip="true">https://raw.githubusercontent.com/vijaikodi/vijai/master/zips/</datadir>
        </dir>
		<dir>
			<info compressed="true">https://raw.githubusercontent.com/back-to/repo/master/addons.xml</info>
			<checksum>https://raw.githubusercontent.com/back-to/repo/master/addons.xml.md5</checksum>
			<datadir zip="true">https://raw.githubusercontent.com/back-to/repo/master/</datadir>
		</dir>
		<dir>
	        <info compressed="false">https://raw.githubusercontent.com/Gujal00/smrzips/master/addons.xml</info>
	        <checksum>https://raw.githubusercontent.com/Gujal00/smrzips/master/addons.xml.md5</checksum>
	        <datadir zip="true">https://raw.githubusercontent.com/Gujal00/smrzips/master/zips/</datadir>
		</dir>
		<info compressed="false">https://raw.github.com/Gujal00/GujalKodiWork/master/upto_leia/addons.xml</info>
		<checksum>https://raw.github.com/Gujal00/GujalKodiWork/master/upto_leia/addons.xml.md5</checksum>
		<datadir zip="true">https://raw.github.com/Gujal00/GujalKodiWork/master/upto_leia/zips</datadir>
        </extension>
        <extension point="xbmc.addon.metadata">
            <summary>tamilgun,vumoo and onlinemoviewatchs</summary>
            <description>tamilgun,vumoo and onlinemoviewatchs</description>
            <platform>all</platform>
        <assets>
            <icon>icon.png</icon>
        </assets>
    </extension>
</addon>

