<?xml version="1.0" encoding="UTF-8"?>
<addons>
<addon id="plugin.video.vijai"
version="3.0.22"
name="vijai"
provider-name="vijai">
<requires>
  <import addon="xbmc.python" version="2.25.0"/>
  <import addon="script.module.routing" version="0.2.0"/>
  <import addon="script.module.resolveurl" version="5.0.00"/>
  <import addon="script.module.requests" version="2.22.0"/>
  <import addon="script.module.t0mm0.common" version="2.1.1"/>
  <import addon="script.module.six" version="0.0.1"/>
</requires>
<extension point="xbmc.python.pluginsource" library="main.py">
  <provides>video</provides>
</extension>
<extension point="xbmc.addon.metadata">
  <summary lang="en">Video Plugin</summary>
  <description lang="en_GB">video plugin for Kodi mediacenter.</description>
  <disclaimer lang="en_GB">The plugin only provides movies or series thats available in the internet.</disclaimer>
  <assets>
    <icon>icon.png</icon>
  </assets>
  <news>Updated with latest artwork metadata</news>
</extension>
</addon>


    <addon id="repository.vijai" name="vijai" version="0.1.1" provider-name="vijai">
        <requires>
            <import addon="xbmc.addon" version="12.0.0"/>
        </requires>
        <extension point="xbmc.addon.repository" name="vijai">
        <dir>
			<info compressed="false">https://raw.githubusercontent.com/vijaikodi/vijai/master/zips/addons.xml</info>
			<checksum>https://raw.githubusercontent.com/vijaikodi/vijai/master/zips/addons.xml.md5</checksum>
			<datadir zip="true">https://raw.githubusercontent.com/vijaikodi/vijai/master/zips/</datadir>
        </dir>
		<dir>
			<info compressed="true">https://raw.githubusercontent.com/back-to/repo/master/addons.xml</info>
			<checksum>https://raw.githubusercontent.com/back-to/repo/master/addons.xml.md5</checksum>
			<datadir zip="true">https://raw.githubusercontent.com/back-to/repo/master/</datadir>
		</dir>
		<dir>
	        <info compressed="false">https://raw.githubusercontent.com/Gujal00/smrzips/master/addons.xml</info>
	        <checksum>https://raw.githubusercontent.com/Gujal00/smrzips/master/addons.xml.md5</checksum>
	        <datadir zip="true">https://raw.githubusercontent.com/Gujal00/smrzips/master/zips/</datadir>
		</dir>
		<info compressed="false">https://raw.github.com/Gujal00/GujalKodiWork/master/upto_leia/addons.xml</info>
		<checksum>https://raw.github.com/Gujal00/GujalKodiWork/master/upto_leia/addons.xml.md5</checksum>
		<datadir zip="true">https://raw.github.com/Gujal00/GujalKodiWork/master/upto_leia/zips</datadir>
        </extension>
        <extension point="xbmc.addon.metadata">
            <summary>tamilgun,vumoo and onlinemoviewatchs</summary>
            <description>tamilgun,vumoo and onlinemoviewatchs</description>
            <platform>all</platform>
        <assets>
            <icon>icon.png</icon>
        </assets>
    </extension>
</addon>
</addons>
